[
  {
    "xml_file": "Sold_Materials.XML",
    "sql_file": "V_C_SOLD_MATERIALS.sql",
    "xml_exists": true,
    "sql_exists": true,
    "parse_success": true,
    "render_success": true,
    "errors": [],
    "warnings": [],
    "verification": {
      "scenario_id": "Sold_Materials",
      "default_client": "crossClient",
      "default_language": "$$language$$",
      "data_sources_count": 1,
      "data_sources": [
        "VBAP"
      ],
      "nodes_count": 2,
      "node_types": {
        "PROJECTION": 1,
        "AGGREGATION": 1
      },
      "total_filters": 1,
      "total_calculated_attributes": 0,
      "has_logical_model": true,
      "logical_attributes_count": 4,
      "logical_calculated_attributes_count": 0,
      "logical_measures_count": 0,
      "variables_count": 0,
      "sql_contains_with": true,
      "sql_contains_select": true,
      "sql_contains_from": true,
      "sql_length": 554,
      "sql_lines": 21,
      "sql_matches": true,
      "sql_has_ctes": true,
      "sql_has_projection": true,
      "sql_has_aggregation": true,
      "sql_has_where": true
    }
  },
  {
    "xml_file": "SALES_BOM.XML",
    "sql_file": "V_C_SALES_BOM.sql",
    "xml_exists": true,
    "sql_exists": true,
    "parse_success": true,
    "render_success": true,
    "errors": [],
    "warnings": [],
    "verification": {
      "scenario_id": "SALES_BOM",
      "default_client": "crossClient",
      "default_language": "$$language$$",
      "data_sources_count": 5,
      "data_sources": [
        "MAST",
        "STPO",
        "MARA",
        "FERT$$$$MARA$$",
        "CURRENT_MAT_SORT"
      ],
      "nodes_count": 10,
      "node_types": {
        "PROJECTION": 4,
        "JOIN": 4,
        "AGGREGATION": 2
      },
      "total_filters": 5,
      "total_calculated_attributes": 0,
      "has_logical_model": true,
      "logical_attributes_count": 6,
      "logical_calculated_attributes_count": 0,
      "logical_measures_count": 0,
      "variables_count": 0,
      "sql_contains_with": true,
      "sql_contains_select": true,
      "sql_contains_from": true,
      "sql_length": 4133,
      "sql_lines": 135,
      "sql_matches": false,
      "sql_similar": false,
      "sql_unique_to_generated": 0,
      "sql_unique_to_actual": 0,
      "sql_has_ctes": true,
      "sql_has_projection": true,
      "sql_has_join": true,
      "sql_has_aggregation": true,
      "sql_has_where": true
    }
  },
  {
    "xml_file": "Recently_created_products.XML",
    "sql_file": "V_C_RECENTLY_CREATED_PRODUCTS.sql",
    "xml_exists": true,
    "sql_exists": true,
    "parse_success": true,
    "render_success": true,
    "errors": [],
    "warnings": [],
    "verification": {
      "scenario_id": "Recently_created_products",
      "default_client": "crossClient",
      "default_language": "$$language$$",
      "data_sources_count": 4,
      "data_sources": [
        "MARA",
        "YGRPLNKF",
        "Sort_024$$$$YGRPLNKF$$",
        "Projection_2$$$$MARA$$"
      ],
      "nodes_count": 10,
      "node_types": {
        "PROJECTION": 5,
        "UNION": 2,
        "AGGREGATION": 2,
        "JOIN": 1
      },
      "total_filters": 1,
      "total_calculated_attributes": 0,
      "has_logical_model": true,
      "logical_attributes_count": 3,
      "logical_calculated_attributes_count": 0,
      "logical_measures_count": 0,
      "variables_count": 0,
      "sql_contains_with": true,
      "sql_contains_select": true,
      "sql_contains_from": true,
      "sql_length": 2458,
      "sql_lines": 99,
      "sql_matches": false,
      "sql_similar": false,
      "sql_unique_to_generated": 0,
      "sql_unique_to_actual": 0,
      "sql_has_ctes": true,
      "sql_has_projection": true,
      "sql_has_join": true,
      "sql_has_aggregation": true,
      "sql_has_union": true,
      "sql_has_where": true
    }
  },
  {
    "xml_file": "KMDM_Materials.XML",
    "sql_file": "V_C_KMDM_MATERIALS.sql",
    "xml_exists": true,
    "sql_exists": true,
    "parse_success": true,
    "render_success": true,
    "errors": [],
    "warnings": [],
    "verification": {
      "scenario_id": "KMDM_Materials",
      "default_client": "crossClient",
      "default_language": "$$language$$",
      "data_sources_count": 6,
      "data_sources": [
        "Sold_Materials",
        "Sold_Materials_PROD",
        "Recently_created_products",
        "CopyOfProjection_1$$$$Sold_Materials$$",
        "MATERIAL_DETAILS",
        "SALES_BOM"
      ],
      "nodes_count": 11,
      "node_types": {
        "PROJECTION": 6,
        "JOIN": 3,
        "UNION": 1,
        "AGGREGATION": 1
      },
      "total_filters": 1,
      "total_calculated_attributes": 0,
      "has_logical_model": true,
      "logical_attributes_count": 9,
      "logical_calculated_attributes_count": 0,
      "logical_measures_count": 0,
      "variables_count": 0,
      "sql_contains_with": true,
      "sql_contains_select": true,
      "sql_contains_from": true,
      "sql_length": 5068,
      "sql_lines": 144,
      "sql_matches": false,
      "sql_similar": false,
      "sql_unique_to_generated": 0,
      "sql_unique_to_actual": 0,
      "sql_has_ctes": true,
      "sql_has_projection": true,
      "sql_has_join": true,
      "sql_has_aggregation": true,
      "sql_has_union": true,
      "sql_has_where": true
    }
  },
  {
    "xml_file": "CURRENT_MAT_SORT.XML",
    "sql_file": "V_C_CURRENT_MAT_SORT.sql",
    "xml_exists": true,
    "sql_exists": true,
    "parse_success": true,
    "render_success": true,
    "errors": [],
    "warnings": [],
    "verification": {
      "scenario_id": "CURRENT_MAT_SORT",
      "default_client": "crossClient",
      "default_language": "$$language$$",
      "data_sources_count": 2,
      "data_sources": [
        "YGRPLNKF",
        "Projection_2$$$$YGRPLNKF$$"
      ],
      "nodes_count": 4,
      "node_types": {
        "PROJECTION": 2,
        "AGGREGATION": 1,
        "JOIN": 1
      },
      "total_filters": 2,
      "total_calculated_attributes": 0,
      "has_logical_model": true,
      "logical_attributes_count": 6,
      "logical_calculated_attributes_count": 0,
      "logical_measures_count": 0,
      "variables_count": 3,
      "sql_contains_with": true,
      "sql_contains_select": true,
      "sql_contains_from": true,
      "sql_length": 1921,
      "sql_lines": 58,
      "sql_matches": false,
      "sql_similar": false,
      "sql_unique_to_generated": 0,
      "sql_unique_to_actual": 0,
      "sql_has_ctes": true,
      "sql_has_projection": true,
      "sql_has_join": true,
      "sql_has_aggregation": true,
      "sql_has_where": true
    }
  },
  {
    "xml_file": "Material Details.XML",
    "sql_file": "V_C_MATERIAL_DETAILS.sql",
    "xml_exists": true,
    "sql_exists": true,
    "parse_success": true,
    "render_success": true,
    "errors": [],
    "warnings": [],
    "verification": {
      "scenario_id": "MATERIAL_DETAILS",
      "default_client": "crossClient",
      "default_language": "$$language$$",
      "data_sources_count": 1,
      "data_sources": [
        "MARA"
      ],
      "nodes_count": 0,
      "node_types": {},
      "total_filters": 0,
      "total_calculated_attributes": 0,
      "has_logical_model": true,
      "logical_attributes_count": 22,
      "logical_calculated_attributes_count": 2,
      "logical_measures_count": 0,
      "variables_count": 3,
      "sql_contains_with": false,
      "sql_contains_select": true,
      "sql_contains_from": true,
      "sql_length": 836,
      "sql_lines": 26,
      "sql_matches": true,
      "sql_has_calculated_attributes": true
    }
  },
  {
    "xml_file": "Sold_Materials_PROD.XML",
    "sql_file": "V_C_SOLD_MATERIALS_PROD.sql",
    "xml_exists": true,
    "sql_exists": true,
    "parse_success": true,
    "render_success": true,
    "errors": [],
    "warnings": [],
    "verification": {
      "scenario_id": "Sold_Materials_PROD",
      "default_client": "crossClient",
      "default_language": "$$language$$",
      "data_sources_count": 3,
      "data_sources": [
        "Sold_Materials",
        "MATERIAL_DETAILS",
        "SALES_BOM"
      ],
      "nodes_count": 6,
      "node_types": {
        "PROJECTION": 2,
        "AGGREGATION": 2,
        "UNION": 1,
        "JOIN": 1
      },
      "total_filters": 1,
      "total_calculated_attributes": 0,
      "has_logical_model": true,
      "logical_attributes_count": 4,
      "logical_calculated_attributes_count": 0,
      "logical_measures_count": 0,
      "variables_count": 0,
      "sql_contains_with": true,
      "sql_contains_select": true,
      "sql_contains_from": true,
      "sql_length": 2154,
      "sql_lines": 65,
      "sql_matches": true,
      "sql_has_ctes": true,
      "sql_has_projection": true,
      "sql_has_join": true,
      "sql_has_aggregation": true,
      "sql_has_union": true,
      "sql_has_where": true
    }
  }
]